M,N,K,bias,dtype,outdtype,scaleAB,bpreshuffle
1,160,6144,False,torch.bfloat16,torch.bfloat16,False,False
1,256,6144,False,torch.bfloat16,torch.bfloat16,False,False
2,160,6144,False,torch.bfloat16,torch.bfloat16,False,False
2,256,6144,False,torch.bfloat16,torch.bfloat16,False,False
4,160,6144,False,torch.bfloat16,torch.bfloat16,False,False
4,256,6144,False,torch.bfloat16,torch.bfloat16,False,False
8,160,6144,False,torch.bfloat16,torch.bfloat16,False,False
8,256,6144,False,torch.bfloat16,torch.bfloat16,False,False
16,160,6144,False,torch.bfloat16,torch.bfloat16,False,False
16,256,6144,False,torch.bfloat16,torch.bfloat16,False,False
24,160,6144,False,torch.bfloat16,torch.bfloat16,False,False
24,256,6144,False,torch.bfloat16,torch.bfloat16,False,False
32,160,6144,False,torch.bfloat16,torch.bfloat16,False,False
32,256,6144,False,torch.bfloat16,torch.bfloat16,False,False
48,160,6144,False,torch.bfloat16,torch.bfloat16,False,False
48,256,6144,False,torch.bfloat16,torch.bfloat16,False,False
64,160,6144,False,torch.bfloat16,torch.bfloat16,False,False
64,256,6144,False,torch.bfloat16,torch.bfloat16,False,False
96,160,6144,False,torch.bfloat16,torch.bfloat16,False,False
96,256,6144,False,torch.bfloat16,torch.bfloat16,False,False
128,160,6144,False,torch.bfloat16,torch.bfloat16,False,False
128,256,6144,False,torch.bfloat16,torch.bfloat16,False,False
192,160,6144,False,torch.bfloat16,torch.bfloat16,False,False
192,256,6144,False,torch.bfloat16,torch.bfloat16,False,False
256,160,6144,False,torch.bfloat16,torch.bfloat16,False,False
256,256,6144,False,torch.bfloat16,torch.bfloat16,False,False
384,160,6144,False,torch.bfloat16,torch.bfloat16,False,False
384,256,6144,False,torch.bfloat16,torch.bfloat16,False,False
512,160,6144,False,torch.bfloat16,torch.bfloat16,False,False
512,256,6144,False,torch.bfloat16,torch.bfloat16,False,False
768,160,6144,False,torch.bfloat16,torch.bfloat16,False,False
768,256,6144,False,torch.bfloat16,torch.bfloat16,False,False
1024,160,6144,False,torch.bfloat16,torch.bfloat16,False,False
1024,256,6144,False,torch.bfloat16,torch.bfloat16,False,False
1536,160,6144,False,torch.bfloat16,torch.bfloat16,False,False
1536,256,6144,False,torch.bfloat16,torch.bfloat16,False,False
2048,160,6144,False,torch.bfloat16,torch.bfloat16,False,False
2048,256,6144,False,torch.bfloat16,torch.bfloat16,False,False
3072,160,6144,False,torch.bfloat16,torch.bfloat16,False,False
3072,256,6144,False,torch.bfloat16,torch.bfloat16,False,False
4096,160,6144,False,torch.bfloat16,torch.bfloat16,False,False
4096,256,6144,False,torch.bfloat16,torch.bfloat16,False,False
8192,160,6144,False,torch.bfloat16,torch.bfloat16,False,False
8192,256,6144,False,torch.bfloat16,torch.bfloat16,False,False
16384,160,6144,False,torch.bfloat16,torch.bfloat16,False,False
16384,256,6144,False,torch.bfloat16,torch.bfloat16,False,False
32768,160,6144,False,torch.bfloat16,torch.bfloat16,False,False
32768,256,6144,False,torch.bfloat16,torch.bfloat16,False,False
1,4096,2048,False,torch.bfloat16,torch.bfloat16,False,False
1,6144,4096,False,torch.bfloat16,torch.bfloat16,False,False
2,4096,2048,False,torch.bfloat16,torch.bfloat16,False,False
2,6144,4096,False,torch.bfloat16,torch.bfloat16,False,False
4,4096,2048,False,torch.bfloat16,torch.bfloat16,False,False
4,6144,4096,False,torch.bfloat16,torch.bfloat16,False,False
8,4096,2048,False,torch.bfloat16,torch.bfloat16,False,False
8,6144,4096,False,torch.bfloat16,torch.bfloat16,False,False
16,4096,2048,False,torch.bfloat16,torch.bfloat16,False,False
16,6144,4096,False,torch.bfloat16,torch.bfloat16,False,False
24,4096,2048,False,torch.bfloat16,torch.bfloat16,False,False
24,6144,4096,False,torch.bfloat16,torch.bfloat16,False,False
32,4096,2048,False,torch.bfloat16,torch.bfloat16,False,False
32,6144,4096,False,torch.bfloat16,torch.bfloat16,False,False
48,4096,2048,False,torch.bfloat16,torch.bfloat16,False,False
48,6144,4096,False,torch.bfloat16,torch.bfloat16,False,False
64,4096,2048,False,torch.bfloat16,torch.bfloat16,False,False
64,6144,4096,False,torch.bfloat16,torch.bfloat16,False,False
96,4096,2048,False,torch.bfloat16,torch.bfloat16,False,False
96,6144,4096,False,torch.bfloat16,torch.bfloat16,False,False
128,4096,2048,False,torch.bfloat16,torch.bfloat16,False,False
128,6144,4096,False,torch.bfloat16,torch.bfloat16,False,False
192,4096,2048,False,torch.bfloat16,torch.bfloat16,False,False
192,6144,4096,False,torch.bfloat16,torch.bfloat16,False,False
256,4096,2048,False,torch.bfloat16,torch.bfloat16,False,False
256,6144,4096,False,torch.bfloat16,torch.bfloat16,False,False
384,4096,2048,False,torch.bfloat16,torch.bfloat16,False,False
384,6144,4096,False,torch.bfloat16,torch.bfloat16,False,False
512,4096,2048,False,torch.bfloat16,torch.bfloat16,False,False
512,6144,4096,False,torch.bfloat16,torch.bfloat16,False,False
768,4096,2048,False,torch.bfloat16,torch.bfloat16,False,False
768,6144,4096,False,torch.bfloat16,torch.bfloat16,False,False
1024,4096,2048,False,torch.bfloat16,torch.bfloat16,False,False
1024,6144,4096,False,torch.bfloat16,torch.bfloat16,False,False
1536,4096,2048,False,torch.bfloat16,torch.bfloat16,False,False
1536,6144,4096,False,torch.bfloat16,torch.bfloat16,False,False
2048,4096,2048,False,torch.bfloat16,torch.bfloat16,False,False
2048,6144,4096,False,torch.bfloat16,torch.bfloat16,False,False
3072,4096,2048,False,torch.bfloat16,torch.bfloat16,False,False
3072,6144,4096,False,torch.bfloat16,torch.bfloat16,False,False
4096,4096,2048,False,torch.bfloat16,torch.bfloat16,False,False
4096,6144,4096,False,torch.bfloat16,torch.bfloat16,False,False
8192,4096,2048,False,torch.bfloat16,torch.bfloat16,False,False
8192,6144,4096,False,torch.bfloat16,torch.bfloat16,False,False
16384,4096,2048,False,torch.bfloat16,torch.bfloat16,False,False
16384,6144,4096,False,torch.bfloat16,torch.bfloat16,False,False
32768,4096,2048,False,torch.bfloat16,torch.bfloat16,False,False
32768,6144,4096,False,torch.bfloat16,torch.bfloat16,False,False
512,32,6144,False,torch.bfloat16,torch.bfloat16,False,False
512,2624,6144,False,torch.bfloat16,torch.bfloat16,False,False
8,7168,512,False,torch.bfloat16,torch.bfloat16,False,False
16,7168,512,False,torch.bfloat16,torch.bfloat16,False,False
